"experiment_replicate","day","ID","cfu_ul","od_blanked","inflow_setting","outflow_per_hour_mean","dilution_rate","n"
"dd2",2,"M1",905714.285714286,0.1864,5e-04,4.29787234042553,0.204660587639311,1
"dd2",2,"M2",778000,0.1644,0.001,7.21276595744681,0.343465045592705,1
"dd2",2,"M3",626000,0.1425,0.00125,9.27659574468085,0.441742654508612,1
"dd2",2,"M5",846666.666666667,0.1898,0.00025,2.38297872340426,0.113475177304965,1
"dd2",2,"M6",612000,0.159,0.00075,5.8936170212766,0.2806484295846,1
"dd2",2,"M7",548888.888888889,0.1472,0.0015,11.6382978723404,0.554204660587639,1
"dd3",4,"M1",554000,0.1659,1e-04,1.08639455782313,0.0517330741820538,1
"dd3",4,"M2",123555.555555556,0.053,0.0025,17.7591801578513,0.845675245611964,1
"dd3",4,"M5",672000,0.1357,0.0022,15.9834467120181,0.761116510096102,1
"dd3",4,"M7",510000,0.0938,0.0028,18.2864595967586,0.870783790321838,1
"dd4",3,"M0",102200,0.0347,0.0028,21.1743959697788,1.00830456998947,1
"dd4",4,"M1",480000,0.1506,1e-04,0.816326530612245,0.0388726919339164,1
"dd4",3,"M2",74600,0.0266,0.003,22.0356946721367,1.04931879391127,1
"dd4",4,"M3",538000,0.1596,5e-05,1.22448979591837,0.0583090379008746,1
"dd4",1,"M4",368000,0.125,0.0022,14.6358839704611,0.696946855736242,1
"dd4",3,"M5",262000,0.0626,0.0024,18.2196744199232,0.867603543805865,1
"dd4",3,"M7",6e+05,0.129,0.0026,16.8079373178876,0.800377967518456,1
"dd6",3,"M0",317500,0.028,0.003,21.7708333333333,1.03670634920635,1
"dd6",1,"M2",674000,NA,5e-04,3.125,0.148809523809524,1
"dd6",1,"M3",540000,NA,0.0015,10.3125,0.491071428571429,1
"dd6",1,"M4",832000,NA,0.001,6.35416666666667,0.302579365079365,1
"dd6",3,"M6",430000,0.074,0.0025,16.4583333333333,0.783730158730159,1
"dd6",1,"M7",540000,NA,0.002,13.9583333333333,0.66468253968254,1
"dd7",3,"M0",386000,0.119,0.0025,16.4974992644896,0.785595203070931,1
"dd7",1,"M1",660000,0.152,0.001,7.55388841927303,0.359708972346335,1
"dd7",1,"M3",494000,0.131,0.002,11.3293357283742,0.539492177541628,1
"dd7",4,"M4",776000,0.173,1e-04,0.828754578754579,0.039464503750218,1
"dd7",3,"M5",41400,0.017,0.003,20.5633629191321,0.979207758053912,1
"dd7",1,"M6",794000,0.154,5e-04,2.93762327416174,0.13988682257913,1
"dd7",1,"M7",602000,0.171,0.0015,9.86202099182868,0.469620047229937,1
